{"cameraMode":{"drawMode":0,"name":"Shaded","section":"Shading Mode"},"sceneLighting":true,"audioPlay":false,"sceneViewState":{"m_AlwaysRefresh":false,"showFog":true,"showSkybox":true,"showFlares":true,"showImageEffects":true,"showParticleSystems":true,"showVisualEffectGraphs":true,"m_FxEnabled":false},"in2DMode":false,"pivot":{"x":4.659677028656006,"y":3.7345752716064455,"z":1.8771934509277344},"rotation":{"x":-0.29435935616493227,"y":0.009172676131129265,"z":-0.0028157245833426716,"w":-0.9556201696395874},"size":13.270736694335938,"orthographic":false}