{"cameraMode":{"drawMode":0,"name":"Shaded","section":"Shading Mode"},"sceneLighting":true,"audioPlay":false,"sceneViewState":{"m_AlwaysRefresh":false,"showFog":true,"showSkybox":true,"showFlares":true,"showImageEffects":true,"showParticleSystems":true,"showVisualEffectGraphs":true,"m_FxEnabled":false},"in2DMode":false,"pivot":{"x":-3.774672508239746,"y":0.8715129494667053,"z":1.3257962465286255},"rotation":{"x":0.29540419578552248,"y":-0.3628530204296112,"z":0.12246464192867279,"w":0.8752594590187073},"size":10.021340370178223,"orthographic":false}