{"cameraMode":{"drawMode":0,"name":"Shaded","section":"Shading Mode"},"sceneLighting":true,"audioPlay":false,"sceneViewState":{"m_AlwaysRefresh":false,"showFog":true,"showSkybox":true,"showFlares":true,"showImageEffects":true,"showParticleSystems":true,"showVisualEffectGraphs":true,"m_FxEnabled":false},"in2DMode":false,"pivot":{"x":-4.715473175048828,"y":1.9459216594696046,"z":13.752155303955079},"rotation":{"x":0.0041418480686843399,"y":0.1455705165863037,"z":0.0006588426185771823,"w":-0.9893106818199158},"size":13.05000114440918,"orthographic":false}