{"cameraMode":{"drawMode":0,"name":"Shaded","section":"Shading Mode"},"sceneLighting":true,"audioPlay":false,"sceneViewState":{"m_AlwaysRefresh":false,"showFog":true,"showSkybox":true,"showFlares":true,"showImageEffects":true,"showParticleSystems":true,"showVisualEffectGraphs":true,"m_FxEnabled":false},"in2DMode":false,"pivot":{"x":0.675564169883728,"y":0.9677022695541382,"z":3.8902366161346437},"rotation":{"x":-0.15862268209457398,"y":0.012436142191290856,"z":-0.0020010799635201694,"w":-0.9872554540634155},"size":2.5937623977661135,"orthographic":false}