{"cameraMode":{"drawMode":0,"name":"Shaded","section":"Shading Mode"},"sceneLighting":true,"audioPlay":false,"sceneViewState":{"m_AlwaysRefresh":false,"showFog":true,"showSkybox":true,"showFlares":true,"showImageEffects":true,"showParticleSystems":true,"showVisualEffectGraphs":true,"m_FxEnabled":false},"in2DMode":false,"pivot":{"x":-9.586564064025879,"y":2.7680015563964845,"z":-3.6115591526031496},"rotation":{"x":-0.35146158933639529,"y":0.07347630709409714,"z":-0.027669213712215425,"w":-0.9328634142875671},"size":2.2061424255371095,"orthographic":false}