{"cameraMode":{"drawMode":0,"name":"Shaded","section":"Shading Mode"},"sceneLighting":false,"audioPlay":false,"sceneViewState":{"m_AlwaysRefresh":false,"showFog":true,"showSkybox":false,"showFlares":true,"showImageEffects":true,"showParticleSystems":true,"showVisualEffectGraphs":true,"m_FxEnabled":false},"in2DMode":false,"pivot":{"x":-0.3438621759414673,"y":4.955513000488281,"z":-14.902644157409668},"rotation":{"x":-0.2612231969833374,"y":-0.008109133690595627,"z":0.0022019550669938328,"w":-0.9652102589607239},"size":1.7180135250091553,"orthographic":false}