{"cameraMode":{"drawMode":0,"name":"Shaded","section":"Shading Mode"},"sceneLighting":false,"audioPlay":false,"sceneViewState":{"m_AlwaysRefresh":false,"showFog":true,"showSkybox":false,"showFlares":true,"showImageEffects":true,"showParticleSystems":true,"showVisualEffectGraphs":true,"m_FxEnabled":false},"in2DMode":false,"pivot":{"x":3.2194879055023195,"y":0.13465477526187898,"z":0.09266941994428635},"rotation":{"x":-0.06479005515575409,"y":-0.6664643287658691,"z":0.05835319310426712,"w":-0.740387499332428},"size":2.0267105102539064,"orthographic":false}