{"cameraMode":{"drawMode":0,"name":"Shaded","section":"Shading Mode"},"sceneLighting":false,"audioPlay":false,"sceneViewState":{"m_AlwaysRefresh":false,"showFog":true,"showSkybox":false,"showFlares":true,"showImageEffects":true,"showParticleSystems":true,"showVisualEffectGraphs":true,"m_FxEnabled":false},"in2DMode":false,"pivot":{"x":-1.4849820137023926,"y":1.2468574047088624,"z":-9.123517036437989},"rotation":{"x":0.007839766331017018,"y":-0.9914894700050354,"z":0.07181615382432938,"w":0.10810825973749161},"size":2.1509687900543215,"orthographic":false}