{"cameraMode":{"drawMode":0,"name":"Shaded","section":"Shading Mode"},"sceneLighting":false,"audioPlay":false,"sceneViewState":{"m_AlwaysRefresh":false,"showFog":true,"showSkybox":false,"showFlares":true,"showImageEffects":true,"showParticleSystems":true,"showVisualEffectGraphs":true,"m_FxEnabled":false},"in2DMode":false,"pivot":{"x":0.4258192777633667,"y":1.9875138998031617,"z":-8.514065742492676},"rotation":{"x":-0.17707400023937226,"y":-0.19866879284381867,"z":0.036535825580358508,"w":-0.9632258415222168},"size":2.1509687900543215,"orthographic":false}