{"cameraMode":{"drawMode":0,"name":"Shaded","section":"Shading Mode"},"sceneLighting":false,"audioPlay":false,"sceneViewState":{"m_AlwaysRefresh":false,"showFog":true,"showSkybox":false,"showFlares":true,"showImageEffects":true,"showParticleSystems":true,"showVisualEffectGraphs":true,"m_FxEnabled":false},"in2DMode":false,"pivot":{"x":0.7021116614341736,"y":0.36922770738601687,"z":14.671024322509766},"rotation":{"x":-0.33411264419555666,"y":0.02600771002471447,"z":-0.009213075041770935,"w":-0.9421031475067139},"size":1.0003763437271119,"orthographic":false}