{"cameraMode":{"drawMode":0,"name":"Shaded","section":"Shading Mode"},"sceneLighting":false,"audioPlay":false,"sceneViewState":{"m_AlwaysRefresh":false,"showFog":true,"showSkybox":false,"showFlares":true,"showImageEffects":true,"showParticleSystems":true,"showVisualEffectGraphs":true,"m_FxEnabled":false},"in2DMode":false,"pivot":{"x":3.2652015686035158,"y":2.320788860321045,"z":17.38273811340332},"rotation":{"x":-0.3426583707332611,"y":0.016062939539551736,"z":-0.005847922060638666,"w":-0.9392790198326111},"size":1.6787985563278199,"orthographic":false}