{"cameraMode":{"drawMode":0,"name":"Shaded","section":"Shading Mode"},"sceneLighting":false,"audioPlay":false,"sceneViewState":{"m_AlwaysRefresh":false,"showFog":true,"showSkybox":false,"showFlares":true,"showImageEffects":true,"showParticleSystems":true,"showVisualEffectGraphs":true,"m_FxEnabled":false},"in2DMode":false,"pivot":{"x":-1.4900000095367432,"y":0.8000000715255737,"z":8.5600004196167},"rotation":{"x":-0.29435935616493227,"y":0.009172676131129265,"z":-0.0028157245833426716,"w":-0.9556201696395874},"size":2.598076581954956,"orthographic":false}