{"cameraMode":{"drawMode":0,"name":"Shaded","section":"Shading Mode"},"sceneLighting":false,"audioPlay":false,"sceneViewState":{"m_AlwaysRefresh":false,"showFog":true,"showSkybox":false,"showFlares":true,"showImageEffects":true,"showParticleSystems":true,"showVisualEffectGraphs":true,"m_FxEnabled":false},"in2DMode":false,"pivot":{"x":-2.2521016597747804,"y":-2.952054977416992,"z":-0.6311724185943604},"rotation":{"x":0.18914373219013215,"y":-0.10622498393058777,"z":0.020641518756747247,"w":0.9759291410446167},"size":5.243078708648682,"orthographic":false}