{"cameraMode":{"drawMode":0,"name":"Shaded","section":"Shading Mode"},"sceneLighting":false,"audioPlay":false,"sceneViewState":{"m_AlwaysRefresh":false,"showFog":true,"showSkybox":false,"showFlares":true,"showImageEffects":true,"showParticleSystems":true,"showVisualEffectGraphs":true,"m_FxEnabled":false},"in2DMode":false,"pivot":{"x":-10.480490684509278,"y":1.6394946575164796,"z":-3.9892454147338869},"rotation":{"x":-0.35146158933639529,"y":0.07347630709409714,"z":-0.027669213712215425,"w":-0.9328634142875671},"size":1.0233545303344727,"orthographic":false}